Player,Rnd,K,D,A,FK,FD,CL,LastAlive,KMax,Rating,ACS,ADR,KAST,HS%,KD,KDA,KPR,DPR,APR,FKPR,FDPR,CLPR,LastAlivePR,CL%,BaitScore
2ge,382,213,280,134,27,43,4,53,19,0.82,165.5,106.64,0.68,0.21,0.76,1.24,0.56,0.73,0.35,0.07,0.11,0.01,0.14,0.08,0.3
add3r,38,28,28,3,4,6,0,1,18,0.89,194.5,126.2,0.66,0.33,1.0,1.11,0.74,0.74,0.08,0.11,0.16,0.0,0.03,0.0,0.33
adverso,569,338,389,162,38,51,12,50,21,0.91,175.23,119.18,0.7,0.2,0.87,1.29,0.59,0.68,0.28,0.07,0.09,0.02,0.09,0.24,0.27
akame,405,295,302,126,50,39,4,51,32,1.06,208.01,136.89,0.73,0.32,0.98,1.39,0.73,0.75,0.31,0.12,0.1,0.01,0.13,0.08,0.4
alfajer,486,372,351,91,66,46,5,41,32,0.99,211.7,142.47,0.69,0.28,1.06,1.32,0.77,0.72,0.19,0.14,0.09,0.01,0.08,0.12,0.48
ange1,370,188,262,96,31,33,7,29,15,0.76,152.45,104.08,0.68,0.33,0.72,1.08,0.51,0.71,0.26,0.08,0.09,0.02,0.08,0.24,0.22
ara,106,85,78,16,21,17,0,11,22,1.04,229.8,146.7,0.77,0.24,1.09,1.29,0.8,0.74,0.15,0.2,0.16,0.0,0.1,0.0,0.75
art,405,198,312,123,23,49,2,35,16,0.72,154.06,102.93,0.64,0.2,0.63,1.03,0.49,0.77,0.3,0.06,0.12,0.0,0.09,0.06,0.18
artzin,873,542,671,309,101,132,8,54,28,0.82,186.9,121.93,0.69,0.21,0.81,1.27,0.62,0.77,0.35,0.12,0.15,0.01,0.06,0.15,0.14
ash,342,221,196,86,19,20,6,35,19,1.06,181.8,121.9,0.73,0.3,1.13,1.57,0.65,0.57,0.25,0.06,0.06,0.02,0.1,0.17,0.46
askia,234,161,171,35,35,37,4,24,20,0.92,194.0,134.0,0.65,0.32,0.94,1.15,0.69,0.73,0.15,0.15,0.16,0.02,0.1,0.17,0.65
aspas,873,768,564,117,170,119,15,83,37,1.22,244.56,157.04,0.75,0.25,1.36,1.57,0.88,0.65,0.13,0.19,0.14,0.02,0.1,0.18,0.97
asuna,578,410,440,166,102,101,11,36,23,0.96,211.29,139.46,0.71,0.23,0.93,1.31,0.71,0.76,0.29,0.18,0.17,0.02,0.06,0.31,0.2
atakaptan,472,299,344,217,31,38,12,51,31,0.96,183.22,118.37,0.72,0.29,0.87,1.5,0.63,0.73,0.46,0.07,0.08,0.03,0.11,0.24,0.2
avez,451,324,298,126,30,41,5,34,25,1.06,208.41,133.94,0.73,0.34,1.09,1.51,0.72,0.66,0.28,0.07,0.09,0.01,0.08,0.15,0.29
avova,366,206,262,136,22,20,10,64,19,0.9,169.55,110.97,0.72,0.31,0.79,1.31,0.56,0.72,0.37,0.06,0.05,0.03,0.17,0.16,0.37
ban,217,139,148,44,22,27,4,31,19,0.89,183.7,117.4,0.67,0.34,0.94,1.24,0.64,0.68,0.2,0.1,0.12,0.02,0.14,0.13,0.66
bang,858,604,564,342,83,75,17,69,24,1.06,199.31,126.46,0.75,0.34,1.07,1.68,0.7,0.66,0.4,0.1,0.09,0.02,0.08,0.25,0.22
batujnax,320,205,246,77,33,41,2,39,27,0.85,181.28,118.22,0.69,0.25,0.83,1.15,0.64,0.77,0.24,0.1,0.13,0.01,0.12,0.05,0.42
bdog,38,28,21,21,2,0,0,8,16,1.28,212.5,125.5,0.79,0.35,1.33,2.33,0.74,0.55,0.55,0.05,0.0,0.0,0.21,0.0,0.51
benjyfishy,428,274,290,94,27,35,5,43,22,0.9,175.62,119.53,0.73,0.36,0.94,1.27,0.64,0.68,0.22,0.06,0.08,0.01,0.1,0.12,0.43
berserx,467,328,301,94,42,37,15,70,22,1.04,199.37,132.28,0.73,0.25,1.09,1.4,0.7,0.64,0.2,0.09,0.08,0.03,0.15,0.21,0.81
beyn,846,509,539,302,55,50,16,95,23,1.0,172.61,113.65,0.74,0.26,0.94,1.5,0.6,0.64,0.36,0.07,0.06,0.02,0.11,0.17,0.3
biank,74,41,57,18,5,6,2,9,14,0.85,166.8,115.6,0.59,0.19,0.72,1.04,0.55,0.77,0.24,0.07,0.08,0.03,0.12,0.22,0.36
boaster,486,282,302,198,44,40,13,47,29,0.96,163.93,107.51,0.71,0.22,0.93,1.59,0.58,0.62,0.41,0.09,0.08,0.03,0.1,0.28,0.22
boo,428,245,267,192,29,31,7,65,23,0.97,161.05,105.21,0.74,0.35,0.92,1.64,0.57,0.62,0.45,0.07,0.07,0.02,0.15,0.11,0.31
boostio,578,292,428,167,40,50,3,55,24,0.73,148.16,98.41,0.66,0.28,0.68,1.07,0.51,0.74,0.29,0.07,0.09,0.01,0.1,0.05,0.22
brawk,275,183,186,84,12,18,2,35,19,0.99,185.0,126.7,0.75,0.19,0.98,1.44,0.67,0.68,0.31,0.04,0.07,0.01,0.13,0.06,0.41
buzz,1314,1055,971,265,230,202,16,100,30,1.05,234.26,150.46,0.7,0.21,1.09,1.36,0.8,0.74,0.2,0.18,0.15,0.01,0.08,0.16,0.41
c0m,377,238,263,103,19,22,8,49,27,0.93,180.41,123.51,0.75,0.23,0.9,1.3,0.63,0.7,0.27,0.05,0.06,0.02,0.13,0.16,0.43
carpe,342,207,241,176,23,22,7,47,19,0.97,175.5,114.51,0.74,0.33,0.86,1.59,0.61,0.7,0.51,0.07,0.06,0.02,0.14,0.15,0.23
cauanzin,511,326,365,120,43,62,6,31,22,0.92,191.51,128.51,0.67,0.25,0.89,1.22,0.64,0.71,0.23,0.08,0.12,0.01,0.06,0.19,0.23
chichoo,313,271,213,87,24,22,11,51,36,1.23,235.6,158.1,0.71,0.28,1.27,1.68,0.87,0.68,0.28,0.08,0.07,0.04,0.16,0.22,0.75
chronicle,486,325,306,144,44,43,3,50,25,1.03,192.4,126.97,0.71,0.24,1.06,1.53,0.67,0.63,0.3,0.09,0.09,0.01,0.1,0.06,0.37
click,477,333,365,57,73,100,5,23,24,0.84,196.63,123.05,0.66,0.37,0.91,1.07,0.7,0.77,0.12,0.15,0.21,0.01,0.05,0.22,0.37
cloud,435,323,315,106,48,44,3,60,23,1.04,206.52,138.13,0.7,0.29,1.03,1.36,0.74,0.72,0.24,0.11,0.1,0.01,0.14,0.05,0.58
clz,338,196,239,84,20,20,10,65,23,0.92,169.24,118.71,0.68,0.29,0.82,1.17,0.58,0.71,0.25,0.06,0.06,0.03,0.19,0.15,0.63
cortezia,873,604,610,180,80,73,8,76,29,0.93,191.27,127.66,0.69,0.35,0.99,1.29,0.69,0.7,0.21,0.09,0.08,0.01,0.09,0.11,0.42
crashies,486,311,299,127,24,28,13,69,26,1.01,180.06,123.1,0.73,0.35,1.04,1.46,0.64,0.62,0.26,0.05,0.06,0.03,0.14,0.19,0.57
crazyguy,341,226,224,120,24,20,7,35,23,1.01,195.3,131.6,0.74,0.25,1.01,1.54,0.66,0.66,0.35,0.07,0.06,0.02,0.1,0.2,0.29
crws,609,343,423,159,39,58,9,63,24,0.85,164.19,111.36,0.66,0.25,0.81,1.19,0.56,0.69,0.26,0.06,0.1,0.01,0.1,0.14,0.32
cryocells,578,501,392,135,68,55,11,67,30,1.21,234.96,156.78,0.76,0.28,1.28,1.62,0.87,0.68,0.23,0.12,0.1,0.02,0.12,0.16,0.63
cyvoph,238,175,164,75,16,22,2,27,23,1.06,208.9,125.7,0.71,0.32,1.07,1.52,0.74,0.69,0.32,0.07,0.09,0.01,0.11,0.07,0.38
d4v41,529,365,360,155,41,35,9,65,27,0.96,188.19,126.5,0.78,0.26,1.01,1.44,0.69,0.68,0.29,0.08,0.07,0.02,0.12,0.14,0.43
dambi,652,466,500,192,115,121,6,34,26,0.91,214.57,134.63,0.7,0.22,0.93,1.32,0.71,0.77,0.29,0.18,0.19,0.01,0.05,0.18,0.17
demon1,377,278,276,110,39,48,4,45,23,0.99,204.84,138.54,0.71,0.33,1.01,1.41,0.74,0.73,0.29,0.1,0.13,0.01,0.12,0.09,0.41
dep,235,179,179,41,36,44,4,20,28,0.98,216.72,139.79,0.62,0.28,1.0,1.23,0.76,0.76,0.17,0.15,0.19,0.02,0.09,0.2,0.49
derke,712,584,532,134,159,153,9,47,32,1.08,238.48,154.64,0.68,0.25,1.1,1.35,0.82,0.75,0.19,0.22,0.21,0.01,0.07,0.19,0.39
derrek,529,334,363,147,22,32,11,78,22,0.95,180.71,125.38,0.73,0.31,0.92,1.33,0.63,0.69,0.28,0.04,0.06,0.02,0.15,0.14,0.49
deryeon,242,145,175,48,26,30,2,29,18,0.86,172.12,115.43,0.68,0.26,0.83,1.1,0.6,0.72,0.2,0.11,0.12,0.01,0.12,0.07,0.5
dgzin,511,405,360,84,101,76,3,35,32,1.05,224.6,144.02,0.69,0.28,1.12,1.36,0.79,0.7,0.16,0.2,0.15,0.01,0.07,0.09,0.47
dos9,467,338,308,210,39,29,17,71,35,1.14,203.77,130.58,0.76,0.27,1.1,1.78,0.72,0.66,0.45,0.08,0.06,0.04,0.15,0.24,0.37
eeiu,578,402,371,165,24,27,16,105,26,1.08,192.24,128.29,0.77,0.33,1.08,1.53,0.7,0.64,0.29,0.04,0.05,0.03,0.18,0.15,0.69
elite,451,262,287,107,29,34,6,57,20,0.94,168.54,113.65,0.75,0.37,0.91,1.29,0.58,0.64,0.24,0.06,0.08,0.01,0.13,0.11,0.49
estrella,606,362,390,237,37,43,12,76,28,0.95,170.95,111.55,0.75,0.27,0.93,1.54,0.6,0.64,0.39,0.06,0.07,0.02,0.13,0.16,0.3
ethan,458,305,310,184,31,33,8,38,24,1.05,195.45,126.34,0.75,0.24,0.98,1.58,0.67,0.68,0.4,0.07,0.07,0.02,0.08,0.21,0.2
f0rsaken,529,411,378,179,74,82,7,37,24,1.06,217.48,139.6,0.74,0.29,1.09,1.56,0.78,0.71,0.34,0.14,0.16,0.01,0.07,0.19,0.22
famouz,467,378,352,95,90,91,5,38,29,1.0,228.88,145.7,0.71,0.19,1.07,1.34,0.81,0.75,0.2,0.19,0.19,0.01,0.08,0.13,0.43
fengf,74,35,63,12,8,15,1,8,14,0.55,151.0,104.6,0.57,0.21,0.56,0.75,0.47,0.85,0.16,0.11,0.2,0.01,0.11,0.12,0.37
filu,347,261,273,68,53,61,4,33,22,0.94,214.28,136.84,0.66,0.27,0.96,1.21,0.75,0.79,0.2,0.15,0.18,0.01,0.1,0.12,0.46
finesse,458,221,322,137,27,42,5,69,16,0.78,148.46,102.48,0.67,0.19,0.69,1.11,0.48,0.7,0.3,0.06,0.09,0.01,0.15,0.07,0.35
flashback,587,400,384,124,63,55,11,76,26,1.0,190.63,127.2,0.74,0.25,1.04,1.36,0.68,0.65,0.21,0.11,0.09,0.02,0.13,0.14,0.64
flickless,106,65,72,40,5,13,1,5,19,0.93,172.4,116.5,0.74,0.33,0.9,1.46,0.61,0.68,0.38,0.05,0.12,0.01,0.05,0.2,0.11
florescent,366,317,282,68,63,55,3,36,27,1.1,242.11,158.13,0.68,0.36,1.12,1.37,0.87,0.77,0.19,0.17,0.15,0.01,0.1,0.08,0.6
flyuh,347,214,272,90,32,47,2,28,21,0.82,182.62,122.97,0.7,0.26,0.79,1.12,0.62,0.78,0.26,0.09,0.14,0.01,0.08,0.07,0.24
foxy9,534,395,340,94,53,41,10,52,23,1.06,203.33,132.02,0.73,0.35,1.16,1.44,0.74,0.64,0.18,0.1,0.08,0.02,0.1,0.19,0.64
francis,652,466,444,218,57,53,7,75,25,1.07,208.59,137.6,0.74,0.22,1.05,1.54,0.71,0.68,0.33,0.09,0.08,0.01,0.12,0.09,0.36
free1ng,885,655,587,196,96,79,14,97,28,1.06,208.08,135.6,0.72,0.28,1.12,1.45,0.74,0.66,0.22,0.11,0.09,0.02,0.11,0.14,0.55
gobera,303,204,224,63,24,27,2,54,23,0.93,191.77,133.1,0.68,0.29,0.91,1.19,0.67,0.74,0.21,0.08,0.09,0.01,0.18,0.04,0.78
governor,472,248,358,85,56,78,6,37,18,0.7,158.26,104.25,0.62,0.23,0.69,0.93,0.53,0.76,0.18,0.12,0.17,0.01,0.08,0.16,0.3
grubinho,347,202,253,118,33,41,6,50,20,0.88,158.56,104.3,0.7,0.3,0.8,1.26,0.58,0.73,0.34,0.1,0.12,0.02,0.14,0.12,0.34
gyen,405,249,299,127,31,35,5,65,27,0.93,180.11,118.82,0.66,0.33,0.83,1.26,0.61,0.74,0.31,0.08,0.09,0.01,0.16,0.08,0.43
havoc,316,213,266,50,68,64,0,17,24,0.76,193.56,127.68,0.63,0.31,0.8,0.99,0.67,0.84,0.16,0.22,0.2,0.0,0.05,0.0,0.27
heat,316,195,239,45,22,29,6,52,23,0.8,167.94,116.17,0.61,0.41,0.82,1.0,0.62,0.76,0.14,0.07,0.09,0.02,0.16,0.12,0.94
heybay,74,31,57,22,5,7,0,8,12,0.69,134.3,89.7,0.59,0.26,0.54,0.93,0.42,0.77,0.3,0.07,0.09,0.0,0.11,0.0,0.2
hiro,370,252,257,83,23,35,4,36,23,0.96,186.42,126.71,0.66,0.29,0.98,1.3,0.68,0.69,0.22,0.06,0.09,0.01,0.1,0.11,0.43
hype,111,66,84,18,12,13,0,10,21,0.83,172.6,116.9,0.64,0.29,0.79,1.0,0.59,0.76,0.16,0.11,0.12,0.0,0.09,0.0,0.44
hyunmin,885,750,656,141,167,116,6,57,32,1.09,237.26,154.64,0.73,0.3,1.14,1.36,0.85,0.74,0.16,0.19,0.13,0.01,0.06,0.11,0.46
icy,529,411,407,83,82,92,10,56,28,0.98,219.38,145.24,0.71,0.25,1.01,1.21,0.78,0.77,0.16,0.16,0.17,0.02,0.11,0.18,0.68
invy,382,302,269,145,29,25,4,43,27,1.15,218.78,146.4,0.75,0.3,1.12,1.66,0.79,0.7,0.38,0.08,0.07,0.01,0.11,0.09,0.33
ivy,652,447,412,186,44,38,18,89,35,1.06,183.75,118.42,0.74,0.3,1.08,1.54,0.69,0.63,0.29,0.07,0.06,0.03,0.14,0.2,0.52
izu,1314,930,848,294,108,117,35,177,29,1.05,195.17,127.9,0.73,0.29,1.1,1.44,0.71,0.65,0.22,0.08,0.09,0.03,0.13,0.2,0.66
jakee,38,29,25,18,1,4,0,0,19,1.16,221.0,141.7,0.82,0.25,1.16,1.88,0.76,0.66,0.47,0.03,0.11,0.0,0.0,,0.0
jamppi,513,330,355,179,27,39,10,52,22,0.96,185.75,121.24,0.72,0.26,0.93,1.43,0.64,0.69,0.35,0.05,0.08,0.02,0.1,0.19,0.27
jawgemo,1154,896,839,298,190,181,17,70,29,1.03,221.15,140.07,0.72,0.22,1.07,1.42,0.78,0.73,0.26,0.16,0.16,0.01,0.06,0.24,0.25
jemkin,610,550,428,107,139,93,8,51,38,1.2,254.6,161.24,0.73,0.31,1.29,1.54,0.9,0.7,0.18,0.23,0.15,0.01,0.08,0.16,0.61
jessievash,382,263,267,87,22,26,11,72,22,1.02,192.76,136.2,0.69,0.32,0.99,1.31,0.69,0.7,0.23,0.06,0.07,0.03,0.19,0.15,0.82
jinboong,405,232,290,89,25,50,7,57,21,0.85,162.82,111.41,0.66,0.33,0.8,1.11,0.57,0.72,0.22,0.06,0.12,0.02,0.14,0.12,0.51
jinggg,529,437,353,154,58,51,6,60,31,1.19,232.0,151.32,0.75,0.24,1.24,1.67,0.83,0.67,0.29,0.11,0.1,0.01,0.11,0.1,0.48
jitboys,609,412,425,143,67,71,9,62,20,0.97,188.08,125.39,0.7,0.35,0.97,1.31,0.68,0.7,0.23,0.11,0.12,0.01,0.1,0.15,0.42
johnqt,858,573,529,293,45,40,9,114,27,1.09,186.88,127.12,0.77,0.26,1.08,1.64,0.67,0.62,0.34,0.05,0.05,0.01,0.13,0.08,0.42
jonahp,1154,687,772,570,83,80,16,134,21,0.96,172.92,110.48,0.77,0.22,0.89,1.63,0.6,0.67,0.49,0.07,0.07,0.01,0.12,0.12,0.21
jremy,382,275,294,67,56,67,5,28,27,0.9,205.16,131.32,0.67,0.26,0.94,1.16,0.72,0.77,0.18,0.15,0.18,0.01,0.07,0.18,0.39
k4davra,477,301,329,173,36,32,5,65,26,0.96,179.45,116.87,0.72,0.33,0.91,1.44,0.63,0.69,0.36,0.08,0.07,0.01,0.14,0.08,0.34
kaajak,486,424,331,100,82,69,5,30,32,1.17,245.61,158.79,0.71,0.32,1.28,1.58,0.87,0.68,0.21,0.17,0.14,0.01,0.06,0.17,0.38
kai,74,54,62,9,10,9,1,13,20,0.92,200.8,128.6,0.62,0.31,0.87,1.02,0.73,0.84,0.12,0.14,0.12,0.01,0.18,0.08,1.26
kamo,883,684,641,135,150,131,13,67,34,1.0,219.32,142.83,0.69,0.28,1.07,1.28,0.77,0.73,0.15,0.17,0.15,0.01,0.08,0.19,0.53
kamyk,933,665,641,268,67,67,16,125,34,1.04,199.32,132.95,0.73,0.29,1.04,1.46,0.71,0.69,0.29,0.07,0.07,0.02,0.13,0.13,0.48
karon,646,474,401,273,41,46,11,68,24,1.14,206.31,135.11,0.76,0.32,1.18,1.86,0.73,0.62,0.42,0.06,0.07,0.02,0.11,0.16,0.29
keiko,883,754,598,264,95,63,14,101,31,1.21,231.18,152.58,0.77,0.38,1.26,1.7,0.85,0.68,0.3,0.11,0.07,0.02,0.11,0.14,0.48
kellys,363,221,276,118,24,32,2,26,24,0.86,179.1,119.11,0.66,0.23,0.8,1.23,0.61,0.76,0.33,0.07,0.09,0.01,0.07,0.08,0.18
keznit,569,454,409,120,119,89,8,45,25,1.08,228.39,146.7,0.72,0.23,1.11,1.4,0.8,0.72,0.21,0.21,0.16,0.01,0.08,0.18,0.42
khalil,316,209,234,71,22,27,6,49,23,0.93,184.79,121.64,0.71,0.3,0.89,1.2,0.66,0.74,0.22,0.07,0.09,0.02,0.16,0.12,0.62
kicks,712,460,479,295,40,60,15,72,26,0.99,181.43,115.74,0.75,0.27,0.96,1.58,0.65,0.67,0.41,0.06,0.08,0.02,0.1,0.21,0.23
killua,392,263,268,101,36,29,6,44,18,0.99,187.5,126.7,0.7,0.34,0.98,1.36,0.67,0.68,0.26,0.09,0.07,0.02,0.11,0.14,0.43
kingg,377,260,271,113,45,51,6,38,22,0.97,199.66,129.05,0.73,0.3,0.96,1.38,0.69,0.72,0.3,0.12,0.14,0.02,0.1,0.16,0.32
koalanoob,370,276,272,72,72,58,5,35,24,0.98,213.39,137.72,0.68,0.22,1.01,1.28,0.75,0.74,0.19,0.19,0.16,0.01,0.09,0.14,0.49
kr1stal,363,253,244,91,27,33,9,62,19,1.08,196.99,132.48,0.71,0.24,1.04,1.41,0.7,0.67,0.25,0.07,0.09,0.02,0.17,0.15,0.71
kushy,610,446,402,179,44,36,8,53,22,1.11,213.03,140.53,0.75,0.34,1.11,1.55,0.73,0.66,0.29,0.07,0.06,0.01,0.09,0.15,0.33
leaf,1154,937,785,303,151,112,19,133,29,1.14,228.63,149.73,0.74,0.24,1.19,1.58,0.81,0.68,0.26,0.13,0.1,0.02,0.12,0.14,0.52
less,712,498,468,198,40,62,18,86,26,1.02,195.45,126.73,0.69,0.3,1.06,1.49,0.7,0.66,0.28,0.06,0.09,0.03,0.12,0.21,0.46
lewn,513,396,377,102,98,107,5,34,42,0.99,216.89,144.13,0.68,0.34,1.05,1.32,0.77,0.73,0.2,0.19,0.21,0.01,0.07,0.15,0.35
lukxo,203,195,145,46,35,18,5,16,27,1.23,270.4,172.8,0.67,0.31,1.34,1.66,0.96,0.71,0.23,0.17,0.09,0.02,0.08,0.31,0.47
luok1ng,74,40,60,23,4,5,0,16,13,0.74,155.8,105.2,0.66,0.34,0.67,1.05,0.54,0.81,0.31,0.05,0.07,0.0,0.22,0.0,0.46
lz,303,207,228,108,29,37,10,42,25,0.91,188.37,119.85,0.72,0.41,0.91,1.38,0.68,0.75,0.36,0.1,0.12,0.03,0.14,0.24,0.35
mada,458,403,332,96,101,93,6,39,30,1.18,254.66,165.19,0.71,0.24,1.21,1.5,0.88,0.72,0.21,0.22,0.2,0.01,0.09,0.15,0.49
magnum,269,192,181,87,27,23,4,28,38,1.06,204.1,131.8,0.74,0.21,1.06,1.54,0.71,0.67,0.32,0.1,0.09,0.01,0.1,0.14,0.34
mako,885,615,572,381,78,80,17,96,29,1.09,201.28,132.24,0.76,0.26,1.08,1.74,0.69,0.65,0.43,0.09,0.09,0.02,0.11,0.18,0.27
margaret,652,454,435,130,78,57,11,74,31,1.02,193.52,128.89,0.7,0.29,1.04,1.34,0.7,0.67,0.2,0.12,0.09,0.02,0.11,0.15,0.59
marteen,451,366,308,94,76,67,6,33,27,1.12,229.34,150.02,0.7,0.3,1.19,1.49,0.81,0.68,0.21,0.17,0.15,0.01,0.07,0.18,0.42
mazino,569,402,419,224,47,59,6,53,23,0.98,199.7,129.99,0.75,0.27,0.96,1.49,0.71,0.74,0.39,0.08,0.1,0.01,0.09,0.11,0.23
meiy,405,317,309,56,52,50,10,46,32,1.03,212.57,140.52,0.68,0.29,1.03,1.21,0.78,0.76,0.14,0.13,0.12,0.02,0.11,0.22,0.84
melser,569,381,371,205,51,45,12,71,26,1.04,189.18,121.27,0.77,0.28,1.03,1.58,0.67,0.65,0.36,0.09,0.08,0.02,0.12,0.17,0.36
meteor,1314,995,973,265,176,169,15,134,30,0.98,215.58,144.37,0.68,0.3,1.02,1.29,0.76,0.74,0.2,0.13,0.13,0.01,0.1,0.11,0.52
mindfreak,264,153,185,88,13,15,5,32,19,0.88,167.0,112.4,0.67,0.3,0.83,1.3,0.58,0.7,0.33,0.05,0.06,0.02,0.12,0.16,0.3
miniboo,428,358,297,80,86,55,3,25,23,1.12,234.71,151.0,0.7,0.32,1.21,1.47,0.84,0.69,0.19,0.2,0.13,0.01,0.06,0.12,0.38
minny,477,349,314,80,53,36,8,76,25,1.1,202.29,134.72,0.69,0.36,1.11,1.37,0.73,0.66,0.17,0.11,0.08,0.02,0.16,0.11,1.06
mitch,519,321,366,223,33,46,14,54,25,0.95,180.96,120.38,0.72,0.21,0.88,1.49,0.62,0.71,0.43,0.06,0.09,0.03,0.1,0.26,0.21
molsi,366,232,262,140,18,28,6,56,25,0.95,180.81,118.11,0.74,0.28,0.89,1.42,0.63,0.72,0.38,0.05,0.08,0.02,0.15,0.11,0.35
monyet,610,405,401,209,54,64,10,47,27,0.98,184.04,119.52,0.73,0.29,1.01,1.53,0.66,0.66,0.34,0.09,0.1,0.02,0.08,0.21,0.23
mrfalin,472,306,317,183,38,39,10,63,38,1.05,190.69,127.08,0.69,0.22,0.97,1.54,0.65,0.67,0.39,0.08,0.08,0.02,0.13,0.16,0.33
munchkin,646,436,411,250,68,58,6,76,29,1.06,198.69,130.88,0.75,0.24,1.06,1.67,0.67,0.64,0.39,0.11,0.09,0.01,0.12,0.08,0.32
mwzera,80,44,55,23,7,7,0,8,16,0.87,166.3,111.6,0.66,0.18,0.8,1.22,0.55,0.69,0.29,0.09,0.09,0.0,0.1,0.0,0.28
n4rrate,858,595,587,350,74,60,16,78,33,1.06,203.0,134.54,0.76,0.23,1.01,1.61,0.69,0.68,0.41,0.09,0.07,0.02,0.09,0.21,0.23
natank,148,104,97,56,19,21,4,15,20,1.05,207.1,136.9,0.76,0.25,1.07,1.65,0.7,0.66,0.38,0.13,0.14,0.03,0.1,0.27,0.29
nats,883,682,594,201,96,84,12,97,25,1.07,216.31,141.27,0.71,0.28,1.15,1.49,0.77,0.67,0.23,0.11,0.1,0.01,0.11,0.12,0.55
nature,529,327,378,202,27,39,14,53,20,0.92,179.51,117.91,0.72,0.23,0.87,1.4,0.62,0.71,0.38,0.05,0.07,0.03,0.1,0.26,0.23
ncslasher,467,304,322,167,22,34,3,46,22,0.97,184.26,119.03,0.75,0.29,0.94,1.46,0.65,0.69,0.36,0.05,0.07,0.01,0.1,0.07,0.26
net,519,318,362,103,41,43,6,61,23,0.84,171.09,109.91,0.69,0.32,0.88,1.16,0.61,0.7,0.2,0.08,0.08,0.01,0.12,0.1,0.52
nobody,313,195,216,71,27,27,1,24,25,0.94,180.1,123.9,0.71,0.3,0.9,1.23,0.62,0.69,0.23,0.09,0.09,0.0,0.08,0.04,0.31
nzr,373,216,250,122,14,13,4,49,23,0.93,172.3,118.8,0.69,0.27,0.86,1.35,0.58,0.67,0.33,0.04,0.03,0.01,0.13,0.08,0.35
oderus,46,31,34,13,0,6,2,5,23,0.9,184.5,132.5,0.65,0.38,0.91,1.29,0.67,0.74,0.28,0.0,0.13,0.04,0.11,0.4,0.35
oxy,519,418,424,99,103,103,4,20,27,0.96,232.18,149.31,0.7,0.26,0.99,1.22,0.81,0.82,0.19,0.2,0.2,0.01,0.04,0.2,0.2
pancada,511,377,338,170,45,31,6,91,34,1.12,206.32,140.35,0.75,0.35,1.12,1.62,0.74,0.66,0.33,0.09,0.06,0.01,0.18,0.07,0.6
papi,363,213,251,115,23,25,9,48,16,0.89,162.16,105.13,0.74,0.32,0.85,1.31,0.59,0.69,0.32,0.06,0.07,0.02,0.13,0.19,0.35
patitek,883,512,571,325,74,53,9,85,23,0.93,167.4,112.04,0.74,0.25,0.9,1.47,0.58,0.65,0.37,0.08,0.06,0.01,0.1,0.11,0.23
patmen,265,174,180,131,10,13,7,22,19,1.03,201.0,130.6,0.75,0.28,0.97,1.69,0.66,0.68,0.49,0.04,0.05,0.03,0.08,0.32,0.16
patrickwho,121,58,104,21,19,23,1,8,15,0.55,152.7,104.2,0.6,0.23,0.56,0.76,0.48,0.86,0.17,0.16,0.19,0.01,0.07,0.12,0.21
penny,38,37,22,8,7,4,1,4,22,1.37,266.0,165.9,0.82,0.24,1.68,2.05,0.97,0.58,0.21,0.18,0.11,0.03,0.11,0.25,0.84
persia,652,416,421,274,46,38,15,76,35,1.04,182.31,119.17,0.74,0.26,0.99,1.64,0.64,0.65,0.42,0.07,0.06,0.02,0.12,0.2,0.27
primmie,609,516,418,95,71,64,9,69,26,1.14,231.58,150.01,0.73,0.35,1.23,1.46,0.85,0.69,0.16,0.12,0.11,0.01,0.11,0.13,0.9
profek,513,371,350,181,35,35,12,65,37,1.03,198.39,132.12,0.73,0.28,1.06,1.58,0.72,0.68,0.35,0.07,0.07,0.02,0.13,0.18,0.38
pryze,305,172,220,73,9,17,9,51,23,0.85,164.05,110.39,0.68,0.26,0.78,1.11,0.56,0.72,0.24,0.03,0.06,0.03,0.17,0.18,0.55
purp0,393,267,300,100,48,57,3,31,22,0.92,193.43,128.09,0.69,0.36,0.89,1.22,0.68,0.76,0.25,0.12,0.15,0.01,0.08,0.1,0.28
pxs,189,106,141,76,15,21,7,29,16,0.81,164.4,105.9,0.75,0.28,0.75,1.29,0.56,0.75,0.4,0.08,0.11,0.04,0.15,0.24,0.29
qraxs,472,296,330,195,24,28,12,49,40,0.93,177.17,116.5,0.75,0.25,0.9,1.49,0.63,0.7,0.41,0.05,0.06,0.03,0.1,0.24,0.23
raafa,316,141,241,106,11,36,3,38,18,0.64,136.08,91.68,0.63,0.2,0.59,1.02,0.45,0.76,0.34,0.03,0.11,0.01,0.12,0.08,0.21
riens,428,320,281,146,44,26,7,58,23,1.11,209.36,137.96,0.8,0.42,1.14,1.66,0.75,0.66,0.34,0.1,0.06,0.02,0.14,0.12,0.45
robbiebk,192,95,124,56,14,13,1,25,18,0.9,154.3,111.0,0.71,0.28,0.77,1.22,0.49,0.65,0.29,0.07,0.07,0.01,0.13,0.04,0.34
rossy,229,143,173,85,13,23,3,22,19,0.87,174.6,115.1,0.71,0.29,0.83,1.32,0.62,0.76,0.37,0.06,0.1,0.01,0.1,0.14,0.21
runner,371,214,267,145,16,32,12,53,20,0.91,172.23,115.66,0.71,0.24,0.8,1.34,0.58,0.72,0.39,0.04,0.09,0.03,0.14,0.23,0.29
ruxic,370,273,251,140,39,37,5,48,29,1.09,214.56,136.31,0.78,0.29,1.09,1.65,0.74,0.68,0.38,0.11,0.1,0.01,0.13,0.1,0.37
s0m,458,337,309,206,40,38,6,53,30,1.1,207.67,135.42,0.8,0.28,1.09,1.76,0.74,0.67,0.45,0.09,0.08,0.01,0.12,0.11,0.28
s1mon,313,169,225,133,9,18,6,35,19,0.83,151.5,100.7,0.71,0.3,0.75,1.34,0.54,0.72,0.42,0.03,0.06,0.02,0.11,0.17,0.2
saadhak,451,278,312,168,41,58,6,34,18,0.94,184.24,119.14,0.74,0.28,0.89,1.43,0.62,0.69,0.37,0.09,0.13,0.01,0.08,0.18,0.18
sayf,712,458,484,174,50,54,11,75,24,0.93,182.67,120.92,0.7,0.24,0.95,1.31,0.64,0.68,0.24,0.07,0.08,0.02,0.11,0.15,0.41
serial,235,134,149,74,18,17,3,21,15,0.88,156.9,109.5,0.69,0.37,0.9,1.4,0.57,0.63,0.31,0.08,0.07,0.01,0.09,0.14,0.26
shao,370,261,231,100,24,17,10,59,25,1.08,189.1,127.11,0.74,0.33,1.13,1.56,0.71,0.62,0.27,0.06,0.05,0.03,0.16,0.17,0.67
sheydos,347,204,237,56,18,20,8,56,21,0.89,164.31,114.62,0.67,0.29,0.86,1.1,0.59,0.68,0.16,0.05,0.06,0.02,0.16,0.14,0.86
shiro,467,292,332,151,47,36,7,39,23,0.93,184.15,124.39,0.71,0.25,0.88,1.33,0.63,0.71,0.32,0.1,0.08,0.01,0.08,0.18,0.23
shyy,569,424,351,118,42,28,16,86,26,1.14,200.16,135.26,0.74,0.26,1.21,1.54,0.75,0.62,0.21,0.07,0.05,0.03,0.15,0.19,0.88
silentzz,303,196,247,50,32,31,2,32,21,0.8,188.5,126.04,0.66,0.38,0.79,1.0,0.65,0.82,0.17,0.11,0.1,0.01,0.11,0.06,0.51
smoggy,313,203,219,152,30,20,9,45,24,1.01,191.1,124.6,0.74,0.3,0.93,1.62,0.65,0.7,0.49,0.1,0.06,0.03,0.14,0.2,0.27
sociablee,513,410,351,100,51,46,11,75,40,1.11,220.53,143.86,0.73,0.25,1.17,1.45,0.8,0.68,0.19,0.1,0.09,0.02,0.15,0.15,0.88
something,529,365,367,145,71,66,10,66,23,1.0,196.06,126.89,0.71,0.25,0.99,1.39,0.69,0.69,0.27,0.13,0.12,0.02,0.12,0.15,0.45
soulcas,347,239,245,73,25,14,7,45,23,0.99,188.64,126.89,0.73,0.34,0.98,1.27,0.69,0.71,0.21,0.07,0.04,0.02,0.13,0.16,0.6
stax,1314,817,852,470,58,71,21,164,28,0.99,172.63,118.7,0.72,0.29,0.96,1.51,0.62,0.65,0.36,0.04,0.05,0.02,0.12,0.13,0.33
stellar,38,29,24,11,4,6,2,2,15,1.08,204.5,143.3,0.76,0.19,1.21,1.67,0.76,0.63,0.29,0.11,0.16,0.05,0.05,1.0,0.22
sugarz3ro,338,225,235,112,20,18,5,36,27,0.98,180.33,115.88,0.73,0.3,0.96,1.43,0.67,0.7,0.33,0.06,0.05,0.01,0.11,0.14,0.31
suggest,112,64,83,13,10,13,0,8,21,0.66,152.2,110.8,0.65,0.3,0.77,0.93,0.57,0.74,0.12,0.09,0.12,0.0,0.07,0.0,0.47
supamen,529,368,368,151,36,42,17,82,25,1.0,194.78,126.76,0.69,0.37,1.0,1.41,0.7,0.7,0.29,0.07,0.08,0.03,0.16,0.21,0.54
suygetsu,451,325,272,158,35,40,7,68,26,1.11,195.93,127.39,0.77,0.43,1.19,1.78,0.72,0.6,0.35,0.08,0.09,0.02,0.15,0.1,0.51
sylvan,972,599,661,527,62,76,17,104,25,0.96,181.54,117.68,0.74,0.26,0.91,1.7,0.62,0.68,0.54,0.06,0.08,0.02,0.11,0.16,0.18
syouta,338,200,260,57,35,29,5,49,18,0.78,166.48,109.57,0.61,0.37,0.77,0.99,0.59,0.77,0.17,0.1,0.09,0.01,0.14,0.1,0.66
t3xture,646,550,466,103,113,127,8,37,35,1.06,235.85,149.79,0.68,0.26,1.18,1.4,0.85,0.72,0.16,0.17,0.2,0.01,0.06,0.22,0.42
tenten,103,75,78,20,23,23,1,4,20,0.94,216.4,135.5,0.69,0.16,0.96,1.22,0.73,0.76,0.19,0.22,0.22,0.01,0.04,0.25,0.19
tex,377,263,258,55,35,40,10,51,23,0.98,193.83,128.65,0.7,0.37,1.02,1.23,0.7,0.68,0.15,0.09,0.11,0.03,0.14,0.2,0.95
thyy,392,242,274,153,23,20,5,53,24,0.93,177.2,113.7,0.73,0.33,0.88,1.44,0.62,0.7,0.39,0.06,0.05,0.01,0.14,0.09,0.31
tomaszy,329,192,252,115,28,41,4,39,23,0.82,165.53,110.8,0.67,0.31,0.76,1.22,0.58,0.77,0.35,0.09,0.12,0.01,0.12,0.1,0.26
trent,1154,885,692,357,90,81,43,162,28,1.23,215.24,146.39,0.77,0.26,1.28,1.79,0.77,0.6,0.31,0.08,0.07,0.04,0.14,0.27,0.58
trexx,474,310,306,194,31,25,9,66,29,1.06,200.42,131.15,0.71,0.18,1.01,1.65,0.65,0.65,0.41,0.07,0.05,0.02,0.14,0.14,0.34
tuyz,447,250,296,135,28,30,12,67,16,0.88,159.96,107.19,0.71,0.3,0.84,1.3,0.56,0.66,0.3,0.06,0.07,0.03,0.15,0.18,0.42
udotan,363,275,274,65,42,57,4,40,28,1.01,216.47,143.93,0.68,0.28,1.0,1.24,0.76,0.75,0.18,0.12,0.16,0.01,0.11,0.1,0.62
v1c,519,359,335,218,38,37,18,95,27,1.1,194.79,125.59,0.76,0.31,1.07,1.72,0.69,0.65,0.42,0.07,0.07,0.03,0.18,0.19,0.47
v1nny,372,185,265,155,11,31,4,40,20,0.78,142.74,98.08,0.72,0.31,0.7,1.28,0.5,0.71,0.42,0.03,0.08,0.01,0.11,0.1,0.18
vakk,244,135,175,60,8,17,5,32,22,0.78,150.5,97.4,0.67,0.32,0.77,1.11,0.55,0.72,0.25,0.03,0.07,0.02,0.13,0.16,0.41
valyn,1154,807,762,457,90,95,21,108,26,1.06,193.98,125.21,0.75,0.23,1.06,1.66,0.7,0.66,0.4,0.08,0.08,0.02,0.09,0.19,0.25
verno,683,471,401,188,37,36,18,96,24,1.12,193.26,130.73,0.77,0.27,1.17,1.64,0.69,0.59,0.28,0.05,0.05,0.03,0.14,0.19,0.6
westside,435,287,316,90,31,34,4,63,23,0.91,180.95,119.0,0.66,0.4,0.91,1.19,0.66,0.73,0.21,0.07,0.08,0.01,0.14,0.06,0.64
wild0reoo,382,238,290,61,42,45,4,33,25,0.84,179.25,120.32,0.66,0.28,0.82,1.03,0.62,0.76,0.16,0.11,0.12,0.01,0.09,0.12,0.44
wo0t,428,335,288,137,55,38,6,35,23,1.13,221.24,143.39,0.75,0.35,1.16,1.64,0.78,0.67,0.32,0.13,0.09,0.01,0.08,0.17,0.3
xdll,338,227,273,67,39,31,4,36,21,0.84,193.99,125.74,0.66,0.35,0.83,1.08,0.67,0.81,0.2,0.12,0.09,0.01,0.11,0.11,0.45
xenom,873,587,559,310,52,67,19,114,33,1.01,182.89,119.0,0.74,0.32,1.05,1.6,0.67,0.64,0.36,0.06,0.08,0.02,0.13,0.17,0.39
xeppaa,519,372,358,137,40,34,15,66,28,1.04,202.94,135.22,0.72,0.25,1.04,1.42,0.72,0.69,0.26,0.08,0.07,0.03,0.13,0.23,0.5
xeus,472,395,362,73,86,95,4,30,33,1.03,238.94,148.82,0.66,0.37,1.09,1.29,0.84,0.77,0.15,0.18,0.2,0.01,0.06,0.13,0.45
xffero,610,425,390,152,52,45,10,78,31,1.01,189.82,128.29,0.75,0.28,1.09,1.48,0.7,0.64,0.25,0.09,0.07,0.02,0.13,0.13,0.56
yay,529,412,403,89,91,66,9,51,27,1.01,216.82,142.94,0.67,0.33,1.02,1.24,0.78,0.76,0.17,0.17,0.12,0.02,0.1,0.18,0.59
yetujey,472,345,320,112,51,42,10,80,38,1.07,203.24,136.31,0.71,0.24,1.08,1.43,0.73,0.68,0.24,0.11,0.09,0.02,0.17,0.12,0.77
yoman,304,185,185,93,18,17,2,35,22,1.0,172.1,108.5,0.74,0.3,1.0,1.5,0.61,0.61,0.31,0.06,0.06,0.01,0.12,0.06,0.38
zander,578,362,396,235,55,56,11,60,28,0.97,181.13,116.86,0.75,0.24,0.91,1.51,0.63,0.69,0.41,0.1,0.1,0.02,0.1,0.18,0.23
zap,114,62,88,26,4,8,2,13,17,0.73,158.58,109.58,0.66,0.2,0.7,1.0,0.54,0.77,0.23,0.04,0.07,0.02,0.11,0.15,0.35
zekken,858,700,600,193,166,158,13,71,32,1.09,229.04,147.41,0.73,0.26,1.17,1.49,0.82,0.7,0.22,0.19,0.18,0.02,0.08,0.18,0.43
zellsis,858,531,599,268,67,91,13,111,31,0.92,182.61,119.53,0.69,0.23,0.89,1.33,0.62,0.7,0.31,0.08,0.11,0.02,0.13,0.12,0.37
zmjjkk,313,260,249,59,66,70,1,27,33,1.01,236.2,151.0,0.7,0.23,1.04,1.28,0.83,0.8,0.19,0.21,0.22,0.0,0.09,0.04,0.48
zyppan,477,271,337,144,34,51,4,48,22,0.86,162.21,113.69,0.68,0.29,0.8,1.23,0.57,0.71,0.3,0.07,0.11,0.01,0.1,0.08,0.27
