Player, Rnd, K, D, A, FK, FD, CL, LastAlive, KMax, Rating, ACS, ADR, KAST, HS%
penny,38,37,22,8,7,4,1,4,22,1.37,266.0,165.9,0.82,0.24
mada,183,178,130,35,37,39,5,19,30,1.29,277.3,173.6,0.75,0.22
bdog,38,28,21,21,2,0,0,8,16,1.28,212.5,125.5,0.79,0.35
aspas,373,332,241,48,73,45,3,42,37,1.26,248.8,163.4,0.77,0.23
trent,221,179,126,47,21,16,7,27,23,1.26,217.2,150.7,0.75,0.28
Shyy,246,188,154,56,19,9,9,38,25,1.20,213.1,141.9,0.77,0.28
leaf,221,186,146,44,34,19,7,32,24,1.19,230.0,151.6,0.71,0.27
dgzin,204,175,130,25,42,24,2,16,28,1.19,238.9,156.1,0.7,0.26
jakee,38,29,25,18,1,4,0,0,19,1.16,221.0,141.7,0.82,0.25
gobera,69,58,54,20,7,4,1,18,23,1.16,239.5,157.2,0.75,0.32
Cryocells,170,138,115,41,23,13,4,20,24,1.15,233.9,154.1,0.81,0.29
Melser,246,182,148,88,24,16,7,27,26,1.14,204.0,125.7,0.78,0.33
s0m,183,138,125,81,19,14,2,18,30,1.11,215.0,134.1,0.81,0.24
Khalil,80,62,58,21,7,3,1,14,19,1.10,211.3,137.1,0.79,0.39
eeiu,170,129,107,55,10,8,4,23,26,1.09,198.1,129.0,0.78,0.41
johnqt,370,242,231,100,24,18,4,40,27,1.09,186.5,127.9,0.74,0.27
kiNgg,148,112,104,57,14,13,3,19,20,1.09,216.0,138.4,0.8,0.32
pANcada,204,142,131,63,17,11,2,38,20,1.08,193.4,129.0,0.75,0.39
stellar,38,29,24,11,4,6,2,2,15,1.08,204.5,143.3,0.76,0.19
JonahP,221,144,138,113,12,13,4,22,18,1.05,178.9,113.7,0.78,0.24
nataNk,148,104,97,56,19,21,4,15,20,1.05,207.1,136.9,0.76,0.25
Asuna,170,132,122,47,33,27,6,14,23,1.04,234.3,149.7,0.71,0.22
zekken,370,291,264,81,71,68,5,37,32,1.04,219.7,144.3,0.72,0.23
xenom,373,247,240,155,21,24,9,53,33,1.04,182.6,118.2,0.76,0.31
keznit,246,183,167,40,43,39,3,18,24,1.03,214.6,137.9,0.73,0.22
tex,148,104,95,14,9,16,6,20,17,1.03,186.6,123.3,0.7,0.36
valyn,221,145,141,89,14,16,5,17,20,1.03,187.5,122.8,0.72,0.2
supamen,128,88,87,37,11,10,5,17,25,1.01,190.0,123.2,0.7,0.35
Zellsis,370,254,261,129,29,40,6,54,31,1.01,200.2,129.9,0.7,0.24
Ethan,183,114,121,81,8,15,5,20,24,1.01,188.0,123.4,0.72,0.27
N4RRATE,370,244,258,140,27,28,9,32,21,1.00,193.5,124.8,0.74,0.23
bang,370,242,252,152,31,34,5,33,24,1.00,189.4,123.8,0.76,0.34
v1c,152,92,101,60,10,7,8,31,21,0.97,174.0,115.2,0.72,0.24
yay,128,85,89,25,20,13,3,11,18,0.97,193.7,129.3,0.62,0.3
jawgemo,221,167,169,66,43,33,2,12,21,0.97,217.3,136.7,0.72,0.18
Xeppaa,152,107,115,41,11,8,4,23,28,0.96,194.6,131.4,0.71,0.21
NaturE,128,77,86,36,5,9,3,14,18,0.95,171.7,117.3,0.69,0.25
adverso,246,157,169,77,19,24,7,24,21,0.94,186.3,122.3,0.71,0.19
C0M,148,103,106,38,9,11,3,18,27,0.94,195.9,132.2,0.74,0.21
icy,128,95,99,20,18,25,1,16,19,0.94,216.5,141.0,0.66,0.21
cauanzin,204,142,153,49,26,27,1,8,22,0.94,211.4,138.0,0.65,0.28
Verno,183,116,120,42,11,12,2,23,24,0.94,172.1,114.4,0.77,0.33
nzr,373,216,250,122,14,13,4,49,23,0.93,172.3,118.8,0.69,0.27
Demon1,148,103,111,44,12,23,0,9,23,0.90,198.1,137.2,0.7,0.26
Add3r,38,28,28,3,4,6,0,1,18,0.89,194.5,126.2,0.66,0.33
Mazino,246,159,178,110,22,31,2,20,21,0.89,182.5,118.3,0.72,0.27
zander,170,100,113,56,18,17,4,19,19,0.89,171.6,106.7,0.74,0.25
tuyz,204,113,134,50,17,17,6,17,16,0.88,158.6,103.0,0.7,0.31
v1nny,204,111,135,79,7,16,3,25,20,0.88,153.8,108.2,0.72,0.34
OXY,152,118,127,30,25,33,1,6,24,0.88,222.0,145.7,0.66,0.23
mwzera,80,44,55,23,7,7,0,8,16,0.87,166.3,111.6,0.66,0.18
cortezia,373,245,267,67,31,30,2,33,29,0.86,184.4,125.6,0.67,0.34
havoc,80,57,66,18,14,13,0,6,15,0.86,220.0,146.8,0.7,0.24
artzin,373,243,288,112,49,71,4,22,28,0.85,192.8,126.4,0.68,0.18
Derrek,128,78,94,44,5,12,1,19,20,0.85,174.8,115.3,0.73,0.35
neT,152,95,110,35,13,15,2,20,18,0.83,174.7,116.2,0.68,0.4
mitch,152,79,111,71,12,18,2,14,17,0.80,163.0,103.2,0.67,0.2
lz,69,42,57,18,8,12,2,10,14,0.80,171.3,118.0,0.61,0.44
FiNESSE,183,86,126,59,9,18,1,20,16,0.79,145.1,99.6,0.68,0.18
heat,80,49,59,7,7,10,1,9,16,0.79,172.5,116.1,0.61,0.41
silentzz,69,44,62,11,15,11,0,9,16,0.75,188.5,122.1,0.65,0.4
pryze,69,32,52,21,2,1,0,11,13,0.70,149.5,96.0,0.71,0.23
Boostio,170,81,119,56,9,12,1,14,14,0.69,138.0,85.7,0.69,0.23
raafa,80,35,63,20,2,10,1,12,12,0.60,136.3,93.7,0.55,0.21
Zap,69,28,57,17,2,7,0,4,9,0.51,128.3,92.8,0.62,0.19
Karon,304,224,179,138,14,24,4,33,24,1.20,205.2,135.9,0.78,0.32
Jemkin,269,245,190,60,59,42,2,22,38,1.20,257.4,164.2,0.75,0.27
Meiy,180,159,131,29,32,20,5,18,32,1.19,240.4,161.3,0.72,0.31
primmie,217,189,145,42,11,13,3,23,25,1.19,234.8,152.2,0.75,0.36
free1ng,297,241,195,70,30,20,6,33,28,1.16,222.2,146.5,0.75,0.29
BerserX,123,92,77,22,9,11,2,19,22,1.14,208.8,145.1,0.73,0.25
Kushy,269,200,175,86,22,16,4,23,22,1.14,222.2,142.6,0.74,0.34
MaKo,297,210,193,143,26,27,8,30,25,1.12,204.8,134.8,0.78,0.26
f0rsakeN,140,111,101,53,13,12,0,12,24,1.12,221.6,148.5,0.78,0.35
Ivy,319,232,200,112,22,16,12,47,35,1.11,195.8,124.4,0.78,0.3
HYUNMIN,297,255,221,49,65,40,2,18,29,1.11,245.4,165.5,0.73,0.28
Francis,319,235,219,126,24,24,4,38,23,1.10,218.8,144.7,0.76,0.23
Kr1stal,164,115,107,46,17,14,4,22,19,1.10,207.3,139.0,0.72,0.24
JessieVash,111,87,80,25,8,7,3,22,22,1.10,217.8,155.5,0.68,0.36
Persia,319,216,203,151,17,19,8,37,35,1.09,191.2,125.5,0.78,0.27
JitBoyS,217,154,143,69,20,14,5,25,19,1.09,190.2,125.0,0.73,0.34
Estrella,269,173,166,125,17,18,8,41,28,1.08,181.4,122.0,0.77,0.31
BuZz,483,391,362,101,100,76,7,35,28,1.07,236.6,154.8,0.71,0.19
Jinggg,140,108,98,23,20,22,1,12,21,1.04,218.1,143.6,0.71,0.2
Dep,83,65,63,16,12,16,2,6,21,1.04,227.0,135.2,0.64,0.28
Famouz,123,97,91,24,24,24,2,13,24,1.04,230.5,142.9,0.72,0.13
Munchkin,304,205,199,113,30,26,2,31,22,1.03,202.4,130.3,0.75,0.24
carpe,297,187,206,159,19,16,6,43,19,1.02,180.8,117.9,0.75,0.34
yoman,304,185,185,93,18,17,2,35,22,1.00,172.1,108.5,0.74,0.3
Akame,180,123,131,58,19,14,2,17,24,1.00,201.9,129.5,0.76,0.31
d4v41,140,97,98,44,9,10,2,15,27,1.00,194.0,139.0,0.79,0.32
dos9,123,77,86,50,9,5,3,23,20,1.00,180.2,114.6,0.78,0.28
iZu,483,321,316,108,34,42,6,59,29,1.00,183.5,126.7,0.72,0.28
Papi,164,103,104,52,13,7,5,27,16,1.00,174.0,112.8,0.73,0.39
stax,483,292,314,190,27,29,6,62,28,0.99,169.7,116.8,0.72,0.26
Monyet,269,179,175,87,18,31,3,13,27,0.99,187.9,120.3,0.72,0.31
t3xture,304,248,222,41,56,69,3,17,35,0.99,222.4,141.8,0.65,0.24
something,140,103,102,31,22,20,3,22,21,0.98,210.4,131.3,0.72,0.22
UdoTan,164,125,125,22,22,32,0,8,23,0.98,217.9,138.5,0.66,0.26
Foxy9,304,211,204,48,25,25,7,33,23,0.97,194.5,125.3,0.66,0.34
xffero,269,177,173,68,23,23,4,35,31,0.97,180.6,121.3,0.75,0.27
margaret,319,206,215,73,43,27,3,36,31,0.96,180.7,122.0,0.72,0.28
BeYN,297,165,187,118,15,15,3,33,23,0.95,159.9,106.1,0.75,0.27
Flashback,297,188,197,74,25,34,4,39,22,0.94,183.9,121.8,0.74,0.24
Sylvan,186,111,128,98,10,20,5,20,19,0.93,176.3,118.7,0.76,0.26
Meteor,483,346,357,86,50,61,4,46,25,0.93,203.2,136.6,0.66,0.28
Shiro,123,72,88,57,15,12,1,7,18,0.92,174.5,114.0,0.75,0.2
Jinboong,180,111,121,41,11,21,3,24,21,0.92,169.6,111.8,0.7,0.34
gyen,180,110,122,51,14,13,3,27,27,0.91,168.0,110.1,0.66,0.27
mindfreak,140,82,99,62,6,6,2,15,19,0.90,168.6,110.9,0.7,0.3
invy,111,66,83,50,6,7,1,12,22,0.89,173.8,117.1,0.79,0.32
ban,217,139,148,44,22,27,4,31,19,0.89,183.7,117.4,0.67,0.34
Jremy,111,83,83,9,19,18,1,7,21,0.89,215.3,130.4,0.61,0.26
Deryeon,164,95,107,29,11,19,2,20,18,0.89,155.3,107.4,0.67,0.26
Dambi,319,226,258,111,66,60,3,15,26,0.87,218.5,135.7,0.73,0.2
Art,180,104,130,54,14,21,2,17,16,0.85,177.0,115.6,0.68,0.19
kellyS,164,97,123,52,13,14,0,9,24,0.85,175.1,118.4,0.67,0.25
2GE,111,63,78,37,13,15,2,14,18,0.84,166.0,101.6,0.72,0.16
Wild0reoo,111,59,78,16,10,8,0,11,17,0.80,164.0,112.8,0.66,0.33
SugarZ3ro,83,47,65,34,5,5,1,6,16,0.80,175.8,114.3,0.72,0.33
CLZ,83,41,63,27,1,9,3,21,15,0.78,142.0,95.7,0.7,0.37
Crws,217,107,151,68,11,18,3,22,24,0.75,146.1,96.1,0.69,0.25
Governor,217,126,163,35,36,44,1,17,18,0.75,173.6,111.6,0.65,0.19
SyouTa,83,53,70,9,9,11,2,17,15,0.75,177.8,114.1,0.61,0.44
NcSlasher,123,64,90,40,3,9,0,9,14,0.73,147.5,97.3,0.71,0.31
Xdll,83,49,70,8,8,7,0,9,14,0.70,174.0,115.4,0.59,0.33
Keiko,493,436,325,149,53,32,9,58,28,1.26,239.5,156.3,0.78,0.4
Minny,192,151,120,32,27,14,3,28,25,1.18,219.5,139.8,0.71,0.38
florescent,111,101,87,17,22,15,1,12,26,1.17,256.6,172.9,0.69,0.38
kaajak,215,191,147,45,32,35,3,13,32,1.16,245.0,157.9,0.69,0.37
yetujey,179,145,126,41,25,14,5,33,22,1.13,230.8,150.9,0.75,0.26
Alfajer,215,181,157,48,38,18,3,24,32,1.12,233.5,153.4,0.71,0.29
Derke,249,217,185,46,61,52,0,14,32,1.12,252.8,164.9,0.7,0.3
Sayf,249,195,160,60,22,21,5,27,22,1.10,214.2,138.5,0.71,0.26
sociablEE,244,196,175,50,28,32,5,36,25,1.09,228.5,144.8,0.73,0.22
Avez,199,144,133,59,13,13,2,13,24,1.09,208.8,135.0,0.75,0.36
Wo0t,189,132,128,82,20,18,3,21,23,1.08,205.1,136.8,0.74,0.35
Ruxic,128,96,92,49,14,14,0,14,26,1.08,216.0,136.7,0.77,0.26
Less,249,173,150,79,10,14,9,26,22,1.08,196.3,126.5,0.72,0.3
SUYGETSU,199,137,125,84,16,19,4,30,19,1.08,194.2,122.7,0.75,0.42
Shao,128,90,79,38,11,7,4,20,23,1.07,183.8,120.7,0.73,0.29
Cloud,176,125,121,45,19,18,2,25,22,1.07,206.1,139.5,0.68,0.3
kamyk,493,352,319,138,44,37,10,68,21,1.07,201.9,132.9,0.74,0.25
Chronicle,215,149,135,75,14,17,1,18,24,1.06,195.8,131.1,0.7,0.24
RieNs,189,140,137,51,21,12,3,35,21,1.06,205.4,137.4,0.74,0.43
PROFEK,244,180,168,75,14,16,10,36,22,1.05,200.7,133.8,0.68,0.3
xeus,179,153,140,26,25,40,3,12,25,1.05,231.8,148.7,0.67,0.38
K4DAVRA,192,122,119,70,9,8,2,24,20,1.04,181.9,113.7,0.7,0.36
trexx,249,157,156,96,19,14,6,34,29,1.03,194.2,128.3,0.71,0.17
Click,192,155,138,17,36,36,2,8,24,1.02,209.6,134.1,0.68,0.38
Kicks,249,168,168,117,22,15,3,19,20,1.01,194.7,117.7,0.78,0.29
paTiTek,493,302,309,180,42,33,6,46,22,0.99,173.8,116.2,0.75,0.26
Zyppan,192,121,133,82,16,19,2,17,22,0.98,179.6,120.8,0.69,0.31
kamo,493,381,364,77,84,74,5,31,22,0.98,219.6,143.6,0.7,0.27
nAts,493,348,340,130,52,42,5,47,19,0.98,200.0,135.0,0.71,0.29
tomaszy,176,116,128,73,14,15,3,24,23,0.97,182.5,120.8,0.72,0.3
saadhak,199,127,131,67,14,22,3,20,18,0.97,183.9,119.2,0.73,0.26
Filu,117,92,93,20,17,26,1,13,22,0.97,228.8,149.9,0.71,0.28
purp0,176,137,134,23,34,28,0,11,22,0.97,218.5,143.5,0.7,0.37
Elite,199,120,125,47,13,19,4,27,19,0.96,170.1,117.9,0.79,0.4
Boaster,215,127,140,100,20,19,6,23,20,0.95,169.9,110.8,0.73,0.23
marteen,199,144,148,38,34,36,1,12,26,0.95,204.2,134.6,0.66,0.28
Jamppi,244,157,178,83,13,20,5,22,22,0.94,189.0,127.9,0.74,0.29
MiniBoo,189,130,142,35,34,27,1,16,20,0.94,197.3,131.4,0.63,0.33
LewN,244,179,182,46,40,56,2,16,25,0.93,205.3,132.8,0.66,0.36
AvovA,111,68,80,37,7,8,2,19,17,0.93,175.4,117.1,0.75,0.35
soulcas,117,79,85,28,9,7,2,14,20,0.92,184.8,125.3,0.72,0.33
MrFaliN,179,101,120,59,8,16,4,24,15,0.91,164.8,109.7,0.67,0.23
grubinho,117,73,82,46,9,12,3,14,20,0.91,168.3,104.5,0.72,0.26
qRaxs,179,110,130,74,11,9,1,14,19,0.90,178.6,117.8,0.74,0.26
oderus,46,31,34,13,0,6,2,5,23,0.90,184.5,132.5,0.65,0.38
RobbieBk,192,95,124,56,14,13,1,25,18,0.90,154.3,111.0,0.71,0.28
runneR,176,100,123,70,10,12,3,21,20,0.90,170.6,110.4,0.75,0.24
AtaKaptan,179,106,134,67,11,20,6,20,17,0.89,170.8,110.8,0.68,0.27
crashies,215,119,131,49,10,12,5,35,21,0.89,155.3,112.0,0.74,0.34
koalanoob,128,92,98,22,21,22,3,14,24,0.88,200.7,133.8,0.63,0.23
hiro,128,79,92,37,8,10,1,17,20,0.87,168.7,120.5,0.66,0.29
Boo,189,102,134,102,9,16,0,28,17,0.86,156.3,104.6,0.71,0.38
MOLSI,111,55,79,51,2,8,3,20,17,0.85,149.6,100.9,0.79,0.27
sheydos,117,63,84,22,8,3,3,19,15,0.84,154.3,111.7,0.66,0.27
hype,111,66,84,18,12,13,0,10,21,0.83,172.6,116.9,0.64,0.29
westside,176,101,129,42,12,14,1,21,17,0.83,164.4,111.2,0.67,0.36
benjyfishy,189,109,136,39,9,22,3,16,22,0.82,161.6,113.5,0.69,0.36
vakk,244,135,175,60,8,17,5,32,22,0.78,150.5,97.4,0.67,0.32
flyuh,117,70,91,29,10,16,1,15,18,0.77,168.7,112.5,0.68,0.24
batujnax,65,38,52,17,6,12,1,6,27,0.76,155.7,103.0,0.68,0.19
ANGE1,128,60,95,38,10,11,3,10,13,0.68,148.0,99.5,0.63,0.29
CHICHOO,313,271,213,87,24,22,11,51,36,1.23,235.6,158.1,0.71,0.28
nAts,155,141,107,29,14,18,3,23,25,1.21,257.6,155.1,0.72,0.26
trent,360,274,226,116,31,31,14,48,26,1.21,220.0,146.9,0.75,0.25
Derke,225,204,170,38,46,45,5,16,32,1.18,257.2,166.8,0.7,0.22
iZu,453,341,276,96,48,40,19,61,21,1.13,207.1,130.6,0.75,0.3
free1ng,149,117,101,38,18,16,1,15,24,1.10,227.3,146.9,0.77,0.29
Keiko,155,117,107,52,15,12,2,20,31,1.09,198.9,137.7,0.77,0.3
trexx,225,153,150,98,12,11,3,32,28,1.09,207.3,134.3,0.72,0.19
BeYN,149,95,92,65,9,10,4,19,17,1.08,182.4,117.3,0.78,0.25
BuZz,453,370,331,107,78,62,6,30,26,1.08,239.5,150.4,0.72,0.17
valyn,360,244,231,158,29,27,5,37,26,1.08,186.8,122.1,0.76,0.23
leaf,360,267,244,91,38,36,5,41,28,1.06,207.3,137.5,0.74,0.24
N4RRATE,103,75,77,40,13,4,2,15,33,1.05,202.4,148.4,0.76,0.27
Meteor,453,366,337,103,75,50,7,45,30,1.04,229.0,152.8,0.71,0.33
Less,225,163,159,69,14,26,6,30,23,1.03,197.1,128.8,0.68,0.29
jawgemo,360,277,262,104,47,64,9,24,29,1.03,218.5,142.9,0.71,0.23
Sylvan,408,260,267,262,31,18,7,42,25,1.02,186.1,114.6,0.77,0.27
ZmjjKK,313,260,249,59,66,70,1,27,33,1.01,236.2,151.0,0.7,0.23
stax,453,284,282,154,20,20,10,59,22,1.01,173.6,120.3,0.74,0.31
Smoggy,313,203,219,152,30,20,9,45,24,1.01,191.1,124.6,0.74,0.3
Flashback,149,101,101,26,13,11,2,25,26,1.00,180.4,126.4,0.71,0.26
kamo,155,117,115,23,28,27,2,15,34,0.99,215.0,144.5,0.66,0.27
JonahP,360,235,254,164,30,26,4,44,21,0.98,187.6,119.3,0.78,0.24
Kicks,225,142,153,82,11,25,6,27,20,0.94,174.3,115.0,0.73,0.27
nobody,313,195,216,71,27,27,1,24,25,0.94,180.1,123.9,0.71,0.3
bang,103,67,74,33,11,11,2,8,22,0.93,186.0,113.8,0.68,0.31
Kai,74,54,62,9,10,9,1,13,20,0.92,200.8,128.6,0.62,0.31
zekken,103,72,73,11,16,24,1,7,25,0.92,196.6,135.1,0.69,0.29
MaKo,149,85,103,72,8,16,2,15,25,0.92,173.3,118.4,0.74,0.24
HYUNMIN,149,108,121,33,25,23,0,7,23,0.90,205.9,134.0,0.71,0.32
kamyk,155,95,112,38,9,9,2,21,23,0.86,180.3,118.3,0.74,0.31
Biank,74,41,57,18,5,6,2,9,14,0.85,166.8,115.6,0.59,0.19
S1Mon,313,169,225,133,9,18,6,35,19,0.83,151.5,100.7,0.71,0.3
johnqt,103,61,77,26,4,6,0,13,18,0.82,159.8,105.3,0.75,0.19
Zellsis,103,51,81,40,5,9,0,20,17,0.77,159.8,109.3,0.7,0.19
Sayf,225,119,160,56,15,20,2,22,18,0.75,155.9,100.1,0.69,0.22
LuoK1ng,74,40,60,23,4,5,0,16,13,0.74,155.8,105.2,0.66,0.34
paTiTek,155,73,112,67,10,13,1,15,18,0.73,144.0,97.8,0.7,0.25
heybay,74,31,57,22,5,7,0,8,12,0.69,134.3,89.7,0.59,0.26
carpe,45,20,35,17,4,6,1,4,14,0.63,140.5,92.1,0.67,0.27
FengF,74,35,63,12,8,15,1,8,14,0.55,151.0,104.6,0.57,0.21
lukxo,203,195,145,46,35,18,5,16,27,1.23,270.4,172.8,0.67,0.31
Cryocells,408,363,277,94,45,42,7,47,30,1.23,235.4,157.9,0.74,0.27
trent,573,432,340,194,38,34,22,87,28,1.23,211.5,144.4,0.79,0.25
zekken,385,337,263,101,79,66,7,27,26,1.19,246.7,153.7,0.76,0.28
aspas,500,436,323,69,97,74,12,41,30,1.19,241.4,152.3,0.74,0.27
Verno,500,355,281,146,26,24,16,73,22,1.18,201.0,136.7,0.77,0.25
leaf,573,484,395,168,79,57,7,60,29,1.17,241.5,156.7,0.75,0.23
johnqt,385,270,221,167,17,16,5,61,17,1.17,194.5,132.2,0.8,0.26
bang,385,295,238,157,41,30,10,28,22,1.16,212.4,132.4,0.77,0.35
v1c,367,267,234,158,28,30,10,64,27,1.15,203.4,129.9,0.77,0.34
pANcada,307,235,207,107,28,20,4,53,34,1.15,214.9,147.9,0.75,0.32
N4RRATE,385,276,252,170,34,28,5,31,25,1.12,212.3,140.2,0.77,0.23
mada,275,225,202,61,64,54,1,20,26,1.11,239.6,159.6,0.69,0.25
keznit,323,271,242,80,76,50,5,27,25,1.11,238.9,153.4,0.71,0.23
Shyy,323,236,197,62,23,19,7,48,26,1.10,190.3,130.2,0.72,0.25
s0m,275,199,184,125,21,24,4,35,25,1.09,202.8,136.3,0.8,0.3
eeiu,408,273,264,110,14,19,12,82,23,1.08,189.8,128.0,0.76,0.3
Xeppaa,367,265,243,96,29,26,11,43,22,1.07,206.4,136.8,0.73,0.27
Zap,45,34,31,9,2,1,2,9,17,1.07,205.0,135.3,0.71,0.22
Ethan,275,191,189,103,23,18,3,18,24,1.07,200.4,128.3,0.77,0.22
Demon1,229,175,165,66,27,25,4,36,22,1.05,209.2,139.4,0.72,0.38
valyn,573,418,390,210,47,52,11,54,24,1.05,201.0,128.1,0.76,0.24
jawgemo,573,452,408,128,100,84,6,34,27,1.05,224.3,139.6,0.72,0.23
Mazino,323,243,241,114,25,28,4,33,23,1.05,212.8,138.9,0.77,0.27
yay,401,327,314,64,71,53,6,40,27,1.02,224.2,147.3,0.68,0.34
mitch,367,242,255,152,21,28,12,40,25,1.01,188.4,127.5,0.74,0.22
zander,408,262,283,179,37,39,7,41,28,1.00,185.1,121.1,0.76,0.23
supamen,401,280,281,114,25,32,12,65,23,1.00,196.3,127.9,0.69,0.37
brawk,275,183,186,84,12,18,2,35,19,0.99,185.0,126.7,0.75,0.19
OXY,367,300,297,69,78,70,3,14,27,0.99,236.4,150.8,0.71,0.27
xenom,500,340,319,155,31,43,10,61,22,0.99,183.1,119.6,0.73,0.32
icy,401,316,308,63,64,67,9,40,28,0.99,220.3,146.6,0.72,0.26
cortezia,500,359,343,113,49,43,6,43,22,0.98,196.4,129.2,0.71,0.35
Derrek,401,256,269,103,17,20,10,59,22,0.98,182.6,128.6,0.73,0.3
Melser,323,199,223,117,27,29,5,44,18,0.96,177.9,117.9,0.76,0.25
dgzin,307,230,230,59,59,52,1,19,32,0.95,215.1,136.0,0.68,0.3
tex,229,159,163,41,26,24,4,31,23,0.95,198.5,132.1,0.7,0.38
lz,234,165,171,90,21,25,8,32,25,0.94,193.4,120.4,0.75,0.4
C0M,229,135,157,65,10,11,5,31,21,0.93,170.4,117.9,0.76,0.25
Askia,234,161,171,35,35,37,4,24,20,0.92,194.0,134.0,0.65,0.32
JonahP,573,308,380,293,41,41,8,68,19,0.92,161.4,103.7,0.75,0.19
Asuna,408,278,318,119,69,74,5,22,21,0.92,201.7,135.2,0.71,0.24
NaturE,401,250,292,166,22,30,11,39,20,0.91,182.0,118.1,0.73,0.23
cauanzin,307,184,212,71,17,35,5,23,18,0.90,178.3,122.2,0.68,0.23
kiNgg,229,148,167,56,31,38,3,19,22,0.89,189.1,123.0,0.69,0.28
pryze,236,140,168,52,7,16,9,40,23,0.89,168.3,114.6,0.67,0.27
tuyz,243,137,162,85,11,13,6,50,16,0.88,161.1,110.7,0.71,0.3
Zellsis,385,226,257,99,33,42,7,37,20,0.88,171.8,112.3,0.68,0.24
adverso,323,181,220,85,19,27,5,26,18,0.88,166.8,116.8,0.7,0.2
Rossy,229,143,173,85,13,23,3,22,19,0.87,174.6,115.1,0.71,0.29
Khalil,236,147,176,50,15,24,5,35,23,0.87,175.8,116.4,0.68,0.27
gobera,234,146,170,43,17,23,1,36,21,0.86,177.7,126.0,0.66,0.28
neT,367,223,252,68,28,28,4,41,23,0.85,169.6,107.3,0.7,0.29
PxS,189,106,141,76,15,21,7,29,16,0.81,164.4,105.9,0.75,0.28
silentzz,234,152,185,39,17,20,2,23,21,0.81,188.5,127.2,0.66,0.37
artzin,500,299,383,197,52,61,4,32,22,0.80,182.5,118.6,0.69,0.23
heat,236,146,180,38,15,19,5,43,23,0.80,166.4,116.2,0.61,0.41
FiNESSE,275,135,196,78,18,24,4,49,15,0.77,150.7,104.4,0.67,0.19
Boostio,408,211,309,111,31,38,2,41,24,0.75,152.4,103.7,0.65,0.3
havoc,236,156,200,32,54,51,0,11,24,0.73,184.6,121.2,0.6,0.33
raafa,236,106,178,86,9,26,2,26,18,0.66,136.0,91.0,0.66,0.2
v1nny,168,74,130,76,4,15,1,15,15,0.65,129.3,85.8,0.72,0.28
MiniBoo,239,228,155,45,52,28,2,9,23,1.26,264.3,166.5,0.75,0.31
marteen,252,222,160,56,42,31,5,21,27,1.26,249.2,162.2,0.73,0.32
Keiko,235,201,166,63,27,19,3,23,25,1.18,235.0,154.6,0.75,0.39
kaajak,271,233,184,55,50,34,2,17,28,1.17,246.1,159.5,0.73,0.28
Wo0t,239,203,160,55,35,20,3,14,22,1.17,234.0,148.6,0.75,0.35
nAts,235,193,147,42,30,24,4,27,21,1.16,223.3,145.3,0.72,0.26
RieNs,239,180,144,95,23,14,4,23,23,1.15,212.5,138.4,0.85,0.41
SUYGETSU,252,188,147,74,19,21,3,38,26,1.14,197.3,131.1,0.79,0.44
MrFaliN,293,205,197,124,30,23,6,39,38,1.13,206.5,137.7,0.71,0.22
sociablEE,269,214,176,50,23,14,6,39,40,1.12,213.3,143.0,0.73,0.28
crashies,271,192,168,78,14,16,8,34,26,1.11,199.7,131.9,0.72,0.36
Ruxic,242,177,159,91,25,23,5,34,29,1.09,213.8,136.1,0.78,0.3
Shao,242,171,152,62,13,10,6,39,25,1.08,191.9,130.5,0.75,0.35
florescent,255,216,195,51,41,40,2,24,27,1.07,235.8,151.7,0.67,0.35
kamyk,285,218,210,92,14,21,4,36,34,1.07,205.2,141.0,0.72,0.34
MAGNUM,269,192,181,87,27,23,4,28,38,1.06,204.1,131.8,0.74,0.21
CyvOph,238,175,164,75,16,22,2,27,23,1.06,208.9,125.7,0.71,0.32
LewN,269,217,195,56,58,51,3,18,42,1.05,227.4,154.4,0.7,0.33
Boo,239,143,133,90,20,15,7,37,23,1.05,164.8,105.7,0.77,0.33
Minny,285,198,194,48,26,22,5,48,25,1.05,190.7,131.3,0.68,0.35
ara,106,85,78,16,21,17,0,11,22,1.04,229.8,146.7,0.77,0.24
Avez,252,180,165,67,17,28,3,21,25,1.04,208.1,133.1,0.72,0.32
koalanoob,242,184,174,50,51,36,2,21,24,1.04,220.1,139.8,0.71,0.21
kamo,235,186,162,35,38,30,6,21,23,1.04,221.6,140.1,0.7,0.3
soulcas,230,160,160,45,16,7,5,31,23,1.03,190.6,127.7,0.73,0.35
yetujey,293,200,194,71,26,28,5,47,38,1.03,186.4,127.4,0.68,0.22
PROFEK,269,191,182,106,21,19,2,29,37,1.02,196.3,130.6,0.77,0.26
Cloud,259,198,194,61,29,26,1,35,23,1.02,206.8,137.2,0.72,0.28
Kicks,238,150,158,96,7,20,6,26,26,1.02,174.3,114.4,0.73,0.24
xeus,293,242,222,47,61,55,1,18,33,1.01,243.3,148.9,0.66,0.37
Chronicle,271,176,171,69,30,26,2,32,25,1.00,189.7,123.7,0.72,0.24
AtaKaptan,293,193,210,150,20,18,6,31,31,1.00,190.8,123.0,0.75,0.31
hiro,242,173,165,46,15,25,3,19,23,1.00,195.8,130.0,0.66,0.29
MOLSI,255,177,183,89,16,20,3,36,25,0.99,194.4,125.6,0.72,0.29
Jamppi,269,173,177,96,14,19,5,30,20,0.97,182.8,115.2,0.7,0.23
westside,259,186,187,48,19,20,3,42,23,0.97,192.2,124.3,0.66,0.42
benjyfishy,239,165,154,55,18,13,2,27,19,0.97,186.7,124.3,0.76,0.36
Less,238,162,159,50,16,22,3,30,26,0.96,193.0,125.0,0.68,0.32
Boaster,271,155,162,98,24,21,7,24,29,0.96,159.2,104.9,0.7,0.22
qRaxs,293,186,200,121,13,19,11,35,40,0.95,176.3,115.7,0.76,0.24
paTiTek,235,137,150,78,22,7,2,24,23,0.95,169.4,112.7,0.73,0.23
Elite,252,142,162,60,16,15,2,30,20,0.93,167.3,110.3,0.72,0.35
Derke,238,163,177,50,52,56,4,17,20,0.93,205.8,132.4,0.64,0.24
Filu,230,169,180,48,36,35,3,20,21,0.93,206.9,130.2,0.64,0.26
Flickless,106,65,72,40,5,13,1,5,19,0.93,172.4,116.5,0.74,0.33
sheydos,230,141,153,34,10,17,5,37,21,0.92,169.4,116.1,0.68,0.3
runneR,195,114,144,75,6,20,9,32,18,0.92,173.7,120.4,0.68,0.24
K4DAVRA,285,179,210,103,27,24,3,41,26,0.91,177.8,119.0,0.73,0.31
Sayf,238,144,164,58,13,13,4,26,24,0.91,175.0,122.2,0.7,0.23
saadhak,252,151,181,101,27,36,3,14,18,0.91,184.5,119.1,0.74,0.29
Alfajer,271,191,194,43,28,28,2,17,25,0.89,194.4,133.8,0.68,0.27
AvovA,255,138,182,99,15,12,8,45,19,0.88,167.0,108.3,0.7,0.29
purp0,217,130,166,77,14,29,3,20,17,0.88,173.1,115.6,0.68,0.35
Serial,235,134,149,74,18,17,3,21,15,0.88,156.9,109.5,0.69,0.37
batujnax,255,167,194,60,27,29,1,33,27,0.87,187.8,122.1,0.69,0.27
grubinho,230,129,171,72,24,29,3,36,19,0.86,153.6,104.2,0.69,0.32
flyuh,230,144,181,61,22,31,1,13,21,0.84,189.7,128.3,0.71,0.27
ANGE1,242,128,167,58,21,22,4,19,15,0.80,154.8,106.5,0.7,0.35
Zyppan,285,150,204,62,18,32,2,31,22,0.78,150.5,108.9,0.68,0.27
Click,285,178,227,40,37,64,3,15,22,0.72,187.9,115.6,0.64,0.36
tomaszy,153,76,124,42,14,26,1,15,16,0.65,146.0,99.3,0.61,0.33
Governor,255,122,195,50,20,34,5,20,17,0.65,145.2,98.0,0.6,0.27
invy,271,236,186,95,23,18,3,31,27,1.26,237.2,158.4,0.73,0.29
Jinggg,389,329,255,131,38,29,5,48,31,1.24,237.0,154.1,0.76,0.26
Jemkin,341,305,238,47,80,51,6,29,25,1.20,252.4,158.9,0.72,0.35
dos9,344,261,222,160,30,24,14,48,35,1.19,212.2,136.3,0.75,0.26
Foxy9,230,184,136,46,28,16,3,19,23,1.19,215.0,140.9,0.82,0.36
HYUNMIN,439,387,314,59,77,53,4,32,32,1.14,242.4,154.3,0.74,0.31
MaKo,439,320,276,166,44,37,7,51,29,1.13,208.4,135.2,0.75,0.26
t3xture,342,302,244,62,57,58,5,20,29,1.12,247.8,156.9,0.7,0.28
Akame,225,172,171,68,31,25,2,34,32,1.11,212.9,142.8,0.71,0.32
primmie,392,327,273,53,60,51,6,46,26,1.11,229.8,148.8,0.72,0.34
Flashback,141,111,86,24,25,10,5,12,25,1.11,215.6,139.4,0.76,0.24
Karon,342,250,222,135,27,22,7,35,24,1.08,207.3,134.4,0.75,0.32
Munchkin,342,231,212,137,38,32,4,45,29,1.08,195.4,131.4,0.75,0.24
Kushy,341,246,227,93,22,20,4,30,21,1.08,205.8,138.9,0.75,0.34
margaret,333,248,220,57,35,30,8,38,27,1.07,205.8,135.5,0.68,0.29
Kr1stal,199,138,137,45,10,19,5,40,19,1.07,188.5,127.1,0.71,0.24
Ash,342,221,196,86,19,20,6,35,19,1.06,181.8,121.9,0.73,0.3
NcSlasher,344,240,232,127,19,25,3,37,22,1.05,197.4,126.8,0.77,0.28
Francis,333,231,225,92,33,29,3,37,25,1.05,198.8,130.8,0.72,0.21
f0rsakeN,389,300,277,126,61,70,7,25,21,1.04,216.0,136.4,0.72,0.27
UdoTan,199,150,149,43,20,25,4,32,28,1.04,215.3,148.4,0.7,0.3
xffero,341,248,217,84,29,22,6,43,22,1.04,197.1,133.8,0.75,0.28
SugarZ3ro,255,178,170,78,15,13,4,30,27,1.04,181.8,116.4,0.73,0.29
PatMen,265,174,180,131,10,13,7,22,19,1.03,201.0,130.6,0.75,0.28
iZu,378,268,256,90,26,35,10,57,23,1.03,195.8,126.2,0.73,0.3
Ivy,333,215,212,74,22,22,6,42,18,1.01,172.2,112.7,0.7,0.3
crazyguy,341,226,224,120,24,20,7,35,23,1.01,195.3,131.6,0.74,0.25
something,389,262,265,114,49,46,7,44,23,1.01,190.9,125.3,0.71,0.26
BerserX,344,236,224,72,33,26,13,51,22,1.01,196.0,127.7,0.73,0.25
BeYN,400,249,260,119,31,25,9,43,19,1.00,178.4,117.9,0.72,0.25
Famouz,344,281,261,71,66,67,3,25,29,0.99,228.3,146.7,0.71,0.21
JessieVash,271,176,187,62,14,19,8,50,20,0.99,182.5,128.3,0.69,0.3
Killua,392,263,268,101,36,29,6,44,18,0.99,187.5,126.7,0.7,0.34
Persia,333,200,218,123,29,19,7,39,22,0.99,173.8,113.1,0.71,0.26
BuZz,378,294,278,57,52,64,3,35,30,0.98,225.0,145.0,0.65,0.27
Meteor,378,283,279,76,51,58,4,43,24,0.98,215.3,144.2,0.68,0.3
free1ng,439,297,291,88,48,43,7,49,26,0.97,192.0,124.4,0.69,0.26
Monyet,341,226,226,122,36,33,7,34,22,0.97,181.0,118.9,0.73,0.28
CLZ,255,155,176,57,19,11,7,44,23,0.96,178.1,126.2,0.68,0.26
Dambi,333,240,242,81,49,61,3,19,23,0.95,210.8,133.6,0.67,0.24
stax,378,241,256,126,11,22,5,43,25,0.95,175.2,119.2,0.7,0.31
gyen,225,139,177,76,17,22,2,38,21,0.95,189.8,125.8,0.66,0.37
TenTen,103,75,78,20,23,23,1,4,20,0.94,216.4,135.5,0.69,0.16
Dep,152,114,116,25,24,28,2,14,28,0.94,211.1,142.3,0.61,0.28
d4v41,389,268,262,111,32,25,7,50,24,0.94,186.1,122.0,0.77,0.24
Shiro,344,220,244,94,32,24,6,32,23,0.93,187.6,128.1,0.69,0.27
thyy,392,242,274,153,23,20,5,53,24,0.93,177.2,113.7,0.73,0.33
Sylvan,378,228,266,167,21,38,5,42,18,0.92,179.2,120.5,0.71,0.25
JitBoyS,392,258,282,74,47,57,4,37,20,0.91,186.9,125.6,0.69,0.36
Jremy,271,192,211,58,37,49,4,21,27,0.90,201.0,131.7,0.7,0.26
Crws,392,236,272,91,28,40,6,41,20,0.90,174.2,119.8,0.65,0.25
Meiy,225,158,178,27,20,30,5,28,19,0.90,190.3,123.9,0.64,0.28
Xdll,255,178,203,59,31,24,4,27,21,0.88,200.5,129.1,0.68,0.35
kellyS,199,124,153,66,11,18,2,17,19,0.87,182.4,119.7,0.65,0.21
mindfreak,124,71,86,26,7,9,3,17,17,0.86,165.2,114.1,0.63,0.3
Wild0reoo,271,179,212,45,32,37,4,22,25,0.85,185.5,123.4,0.66,0.26
Estrella,337,189,224,112,20,25,4,35,22,0.85,162.6,103.2,0.73,0.23
2GE,271,150,202,97,14,28,2,39,19,0.81,165.3,108.7,0.66,0.23
Deryeon,78,50,68,19,15,11,0,9,16,0.81,207.5,132.3,0.69,0.25
Papi,199,110,147,63,10,18,4,21,15,0.80,152.4,98.8,0.74,0.26
Jinboong,225,121,169,48,14,29,4,33,16,0.80,157.4,111.1,0.62,0.33
SyouTa,255,147,190,48,26,18,3,32,18,0.79,162.8,108.1,0.61,0.35
Suggest,112,64,83,13,10,13,0,8,21,0.66,152.2,110.8,0.65,0.3
Art,225,94,182,69,9,28,0,18,16,0.61,135.7,92.8,0.61,0.21
patrickWHO,121,58,104,21,19,23,1,8,15,0.55,152.7,104.2,0.6,0.23
